01;algebra linear
02;algebra linear 1
03;algebra linear 2
04;analise real
05;analise real 1
06;analise real 2
07;bioestatistica
08;bioestatistica 1
09;bioestatistica 2
10;calculo 1a
11;calculo 1b
12;calculo 1c
13;calculo 2a
14;calculo 2b
15;calculo 3
16;calculo 3a
17;calculo 3b
18;calculo diferencial
19;calculo integral
20;calculo numerico
21;calculo vetorial
22;edo
23;educacao matematica inclusiva
24;equacoes diferenciais parciais
25;estatistica
26;estatistica 1
27;estatistica 2
28;estatistica aplicada a psicologia
29;estatistica descritiva e probabilidade
30;estatistica inferencial
31;fundamentos de analise
32;geometria analitica
33;geometria diferencial
34;geometria espacial
35;inferencia
36;introducao a analise no rn
37;introducao a estatistica
38;introducao a probabilidade
39;introducao a teoria qualitativa das edo
40;matematica discreta
41;matematica financeira
42;matematicadiscreta
43;nocoes de atuaria
44;probabilidade
45;probabilidade e estatistica
46;probabilidade e estatistica a
47;probabilidade e estatistica b
48;teoria de grupos
